Familie,familie,familii,,Wir sind eine Familie. ,Noi suntem o familie. ,f,o,două,Familie
Großvater ,bunic,bunici,,,,m,un,doi,Familie
Großmutter ,bunică,bunici,,,,f,o,două,Familie
er und sie ,el şi ea ,,, ,,,,,Familie
Vater ,tată,tați,,Mein Vater ist Wolfram,Eu tatăl sunt Wolfram,m,un,doi,Familie
Mutter ,mamă,mame,,,,f,o,două,Familie
Mädchen,fată,fete,,,,f,o,două,
Sohn ,fiu,fii,,,,m,un,doi,Familie
Tochter ,fiică,fiice,,,,f,o,două,Familie
Bruder ,frate,frați,, ,,m,un,doi,Familie
Schwester ,soră,surori,,,,f,o,două,Familie
Onkel ,unchi,unchi,,,,m,un,doi,Familie
Tante ,mătușă,mătuși,,,,f,o,două,Familie
klein,mic,,,Die Familie ist nicht klein. ,Familia nu este mică.,adj,,,Familie
zahlreich,numeros,,,Die Familie ist groß. ,Familia este numeroasă.,adj,,,Familie
Lebensmittel,aliment,alimente,,Früchte und Lebensmittel,fructe și alimente,n,un,două,Früchte und Lebensmittel
Erdbeere,căpşună,căpșuni,,Ich habe eine Erdbeere. ,Eu am o căpşună. ,f,o,două,Früchte und Lebensmittel
Melone,pepene,pepeni,,Ich habe eine Kiwi und eine Melone. ,Eu am un kiwi şi un pepene. ,m,un,doi,Früchte und Lebensmittel
Orange,portocală,portocale,,Ich habe eine Orange und eine Grapefruit. ,Eu am o portocală şi un grapefruit. ,f,o,două,Früchte und Lebensmittel
Apfel,măr,mere,,Ich habe einen Apfel und eine Mango. ,Eu am un măr şi un mango. ,n,un,două,Früchte und Lebensmittel
Banane,banană,banane,,Ich habe eine Banane und eine Ananas. ,Eu am o banană şi un ananas. ,f,o,două,Früchte und Lebensmittel
Obstsalat,salată de fructe,salate,,Ich mache einen Obstsalat. ,Eu fac o salată de fructe. ,f,o,două,Früchte und Lebensmittel
Toast,pâine prăjită,pâini,,Ich esse einen Toast. ,Eu mănânc o pâine prăjită. ,f,o,două,Früchte und Lebensmittel
Butter,unt,,,Ich esse einen Toast mit Butter. ,Eu mănânc o pâine prăjită cu unt. ,n,un,două,Früchte und Lebensmittel
Marmelade,gem,gemuri,,Ich esse einen Toast mit Butter und Marmelade. ,Eu mănânc o pâine prăjită cu unt şi gem. ,n,un,două,Früchte und Lebensmittel
Sandwich,sandviş,sandvișuri,,Ich esse ein Sandwich. ,Eu mănânc un sandviş. ,n,un,două,Früchte und Lebensmittel
Margarine,margarină,margarine,,Ich esse ein Sandwich mit Margarine. ,Eu mănânc un sandviş cu margarină. ,f,o,două,Früchte und Lebensmittel
Tomate,roşie,roșii,,Ich esse ein Sandwich mit Margarine und Tomate. ,Eu mănânc un sandviş cu margarină şi roşii. ,f,o,două,Früchte und Lebensmittel
Reis,orez,,,Wir brauchen Brot und Reis. ,Noi avem nevoie de pâine şi orez. ,n,un,două,Früchte und Lebensmittel
Fisch,peşte,pești,,Wir brauchen Fisch und Steaks. ,Noi avem nevoie de peşte şi friptură. ,m,un,doi,Früchte und Lebensmittel
Spaghetti,spaghete,,,Wir brauchen Pizza und Spaghetti. ,Noi avem nevoie de pizza şi spaghete. ,pl,,,Früchte und Lebensmittel
Bedarf,nevoie,nevoi,,Was brauchen wir noch? ,De ce mai avem nevoie? ,f,o,două,Früchte und Lebensmittel
Karotte,morcov,morcovi,,Wir brauchen Karotten und Tomaten für die Suppe. ,Avem nevoie de morcovi şi roşii pentru supă. ,m,un,doi,Früchte und Lebensmittel
Supermarkt,supermarket,supermarketuri,,Wo ist ein Supermarkt? ,Unde este un supermarket?,n,un,două,Früchte und Lebensmittel
knusprig,bine prăjit,,,,,adj,,,
"Steak, Braten",friptură,fripturi,,,,f,o,două,
Brot,pâine,pâini,,,,f,o,două,Duolingo
Tee,ceai,ceaiuri,,,,n,un,două,Duolingo
Kaffe,cafea,,,,,f,o,două,Duolingo
Saft,suc,sucuri,,,,n,un,două,Duolingo
Wasser,apă,,,,,f,o,două,Duolingo
Milch,lapte,lăpturi,,ein Glas Milch,un pahar de lapte,n,un,două,Duolingo
Appetit,poftă,pofte,,Guten Appetit,Poftă bună,f,o,două,Duolingo
"Weichei, Muttersöhnchen",papă lapte,,,,,m,un,doi,Slang
Speisekarte,meniu,meniuri,,,,n,un,două,Duolingo
Brief,scrisoare,scrisori,,,,f,o,două,Duolingo
Nachricht,mesaj,mesaje,,,,n,un,două,Duolingo
Zeitung,ziar,ziare,,,,n,un,două,Duolingo
Buch,carte,cărți,,,,f,o,două,Duolingo
wie viel,câtă,,,,,,,,Duolingo
Schokolade,ciocolată,ciocolate,,,,f,o,două,Duolingo
Honig,miere,,,,,f,o,două,Duolingo
Zucker,zahăr,,,,,n,un,două,Duolingo
Käse,brânză,brânze,,,,f,o,două,Duolingo
Frühstück,mic dejun,mic dejunuri,,,,n,un,două,Duolingo
Tisch,masă,mese,,,,f,o,două,Duolingo
Öl,ulei,,,,,n,un,două,Duolingo
Abendessen,cină,cine,,,,f,o,două,Duolingo
Suppe,supă,supe,,,,f,o,două,Duolingo
Mittagessen,dejun/ prânz,dejunuri,,,,n,un,două,Duolingo
Gemüse,legumă,legume,,,,f,o,două,Duolingo
Pfeffer,piper,,,,,m,un,doi,Duolingo
Salz,sare,,,,,f,o,două,Duolingo
Knoblauch,usturoi,,,,,m,un,doi,Duolingo
Zwiebel,ceapă,cepe,,,,f,o,două,Duolingo
Rettich,ridiche,ridichi,,,,f,o,două,Duolingo
Gurke,castravete,castraveți,,,,m,un,doi,Duolingo
Kraut/ Kohl,varză,verze,,,,f,o,două,Duolingo
Kartoffel,cartof,cartofi,,,,m,un,doi,Duolingo
"Ofen, Backofen",cuptor,cuptoare,,,,n,un,două,Duolingo
Aubergine,vânătă,vinete,,,,f,o,două,Duolingo
Küche,bucătărie,bucătări,,,,f,o,două,Duolingo
Blumenkohl,conopidă,conopide,,,,f,o,două,Duolingo
Senf,muștar,,,,,m,un,doi,Duolingo
"Pastete, Kuchen",plăcintă,plăcinte,,,,f,o,două,Duolingo
Essig,oțet,oțeturi,,,,n,un,două,Duolingo
viel/ viele,multe,,,,,adj,,,Duolingo
Eiscreme,înghețată,înghețate,,,,f,o,două,Duolingo
Rindfleisch,carne de vită,cărnuri,,,,f,o,două,Duolingo
Schweinefleisch,carne de porc,,,,,f,o,două,Duolingo
Zitrone,lămâie,lămâi,,,,f,o,două,Duolingo
Pfannkuchen,clătită,clătite,,,,f,o,două,Duolingo
Pfirsich,piersică,piersici,,,,f,o,două,Duolingo
Erdnuss,arahidă,arahide,,Eine Erdnuss pro Tag,O arahidă pe zi,f,o,două,Duolingo
Ei,ou,ouă,,,,n,un,două,Duolingo
Himbeere,zmeură,zmeure,,,,f,o,două,Duolingo
Birne,pară,pere,,,,f,o,două,Duolingo
Gabel,furculiță,furculițe,,,,f,o,două,Duolingo
Teller,farfurie,farfurii,,,,f,o,două,Duolingo
Teelöffel,linguriță,lingurițe,,,,f,o,două,Duolingo
Aprikose,caisă,caise,,,,f,o,două,Duolingo
Katze,pisică,pisici,,,,f,o,două,Duolingo
Vogel,pasăre,păsări,,,,f,o,două,Duolingo
Hund,câine,câini,,,,m,un,doi,Duolingo
Maus,șoarece,șoareci,,,,m,un,doi,Duolingo
Kuh,vacă,vaci,,,,f,o,două,Duolingo
Hase,iepure,iepuri,,,,m,un,doi,Duolingo
Bulle,taur,tauri,,,,m,un,doi,Duolingo
Ferkel,purcel,purcei,,,,m,un,doi,Duolingo
Lamm,miel,miei,,,,m,un,doi,Duolingo
Ziege,capră,capre,,,,f,o,două,Duolingo
Huhn,găină,găini,,,,f,o,două,Duolingo
Hengst,armăsar,armăsari,,,,m,un,doi,Duolingo
Gans,gâscă,gâște,,,,f,o,două,Duolingo
Wolf,lup,lupi,,Mordhunger,foame de lup,m,un,doi,Duolingo
Wal,balenă,balene,,,,f,o,două,Duolingo
Löwe,leu,lei,,,,m,un,doi,Duolingo
Schlange,șarpe,șerpi,,,,f,o,două,Duolingo
Robbe,focă,foci,,,,f,o,două,Duolingo
Bär,urs,urși,,,,m,un,doi,Duolingo
Hai,rechin,rechini,,,,m,un,doi,Duolingo
Biene,albină,albine,,,,f,o,două,Duolingo
Schmetterling,fluture,fluturi,,,,m,un,doi,Duolingo
Spinne,păianjen,păianjeni,,,,m,un,doi,Duolingo
Adler,vultur,vulturi,,,,m,un,doi,Duolingo
"leicht, einfach",ușor,,,,,adj,,,Duolingo
stark,puternic,,,,,adj,,,Duolingo
groß (Höhe),înalt,,,,,adj,,,Duolingo
klein (Größe),scund,,,,,adj,,,Duolingo
Pferd,cal,cai,,,,m,un,doi,Duolingo
reich,bogat,,,,,adj,,,Duolingo
"schön, hübsch",frumos,,,,,adj,,,Duolingo
billig,ieftin,,,,,adj,,,Duolingo
hässlich,urât,,,,,adj,,,Duolingo
Eule,bufniță,bufnițe,,,,f,o,două,Duolingo
frisch,proaspăt,,,,,adj,,,Duolingo
"reif (Obst), gebacken",copt,,,,,adj,,,Duolingo
leer,gol,goale,,,,adj,,,Duolingo
gekocht,fiert,fierte,,,,adj,,,Duolingo
nackt,gol,goale,,,,adj,,,Duolingo
Ente,rață,rațe,,,,f,o,două,Duolingo
Pflaume,prună,prune,,,,f,o,două,Duolingo
sauber,curat,curate,,,,adj,,,Duolingo
dreckig,murdar,murdare,,,,adj,,,Duolingo
schlecht,rău,rele,,,,adj,,,Duolingo
nass,ud,ude,,,,adj,,,Duolingo
Tag,zi,zile,,,,f,o,două,Duolingo
Bier,bere,beri,,,,f,o,două,Duolingo
Kühlschrank,frigider,frigidere,,,,n,un,două,Duolingo
attraktiv,atrăgător,atrăgătoare,,,,adj,,,Duolingo
kalt,rece,reci,,,,adj,,,Duolingo
alt (Geräte),vechi,vechi,,,,adj,,,Duolingo
hart,tare,tari,,,,adj,,,Duolingo
scharf (gwürzt),iute,iuți,,,,adj,,,Duolingo
anständig,cumsecade,cumsecade,,,,adj,,,Duolingo
Fledermaus,liliac,lilieci,,,,m,un,doi,Duolingo
Ochse,bou,boi,,,,m,un,doi,Duolingo
groß,mare,mari,,,,adj,,,Duolingo
Nacht,noapte,nopți,,,,f,o,două,Duolingo
schwierig,greu,grei/ grele,,,,adj,,,Duolingo
neu,nou,noi,,,,adj,,,Duolingo
warm,cald,calzi/calde,,,,adj,,,Duolingo
zusammen,împreuna,împreunând,,,,adj,,,Duolingo
Schildkröte,broască-țestoasă,broaște-țestoase,,,,f,o,două,Duolingo
Frosch,broască,broaște,,,,f,o,două,Duolingo
Schloss (Tür),broască,broaște,,,,f,o,două,Duolingo
böse/ schlecht,rău,răi/rele,,,,adj,,,Duolingo
Fluss,râu,râuri,,,,n,un,două,Duolingo
teuer,scump,scumpi/scumpe,,,,adj,,,Duolingo
Haustier,animal de companie,animale de companie,,,,n,un,două,Duolingo
Serviette,șervețel,șervețele,,,,n,un,două,Duolingo
Taschentuch,batistă de hârtie,batiste,,,,f,o,două,Duolingo
Messer,cuțit,cuțite,,,,n,un,două,Duolingo
Löffel,lingură,linguri,,,,f,o,două,Duolingo
Meter,metru,metri,,,,m,un,doi,Duolingo
"Mitte, Hälfte",jumătate,jumătăți,,,,f,o,două,Duolingo
"einige, manche",câteva,,,,,adj,,,Duolingo
wenig,puțin,,,,,adj,,,Duolingo
"Menge, Stückzahl",cantitate,cantități,,,,f,o,două,Duolingo
Jahr,an,ani,,,,m,un,doi,Duolingo
"klug, schlau",deștept,,,,,adj,,,Duolingo
Rock,fustă,fuste,,Die Röcke gehören mir nicht,Nu sunt fustele mele,f,o,două,Duolingo
"Mantel, Jacke",palton,paltoane,,,,n,un,două,Duolingo
Hemd,cămașă,cămăși,,,,f,o,două,Duolingo
Schuh,pantof,pantofi,,,,m,un,doi,Duolingo
Kleid,rochie,rochii,,,,f,o,două,Duolingo
Hose,pantalon,pantaloni,,Die dreckigen Hosen gehören mir,Pantalonii murdari sunt ai mei,m,un,doi,Duolingo
Anzug,costum,costume,,,,n,un,două,Duolingo
Hut,pălărie,pălării,,,,f,o,două,Duolingo
Krawatte,cravată,cravate,,,,f,o,două,Duolingo
Handschuh,mănușă,mănuși,,,,f,o,două,Duolingo
Gürtel,curea,curele,,,,f,o,două,Duolingo
Kleidung,îmbrăcăminte,îmbrăcăminte,,,,f,o,două,Duolingo
jung,tânăr,,,,,adj,,,Duolingo
"kaputt, defekt, verdorben",stricat,,,,,adj,,,Duolingo
mehr,mai,,,,,adj,,,Duolingo
als,decât,,,,,pron,,,Duolingo
"einige, etliche",unele,,,,,pron,,,Duolingo
sehr,foarte,,,sehr gut,foarte bine,adv,,,Duolingo
Tasse,ceașcă,cești,,,,f,o,două,Duolingo
stolz,mândru,,,,,adj,,,Duolingo
trocken,uscat,,,,,adj,,,Duolingo
rot,roșu,,,,,adj,,,Duolingo
grün,verde,,,,,adj,,,Duolingo
gelb,galben,,,,,adj,,,Duolingo
schwarz,negru,,,,,adj,,,Duolingo
weiß,alb,,,,,adj,,,Duolingo
sauer,acru,,,,,adj,,,Duolingo
rosa,roz,,,,,adj,,,Duolingo
lila,mov,,,,,adj,,,Duolingo
grau,gri,,,,,adj,,,Duolingo
"charmant, reizend",fermecător,,,,,adj,,,Duolingo
effizient,eficace,,,,,adj,,,Duolingo
weich,moale,,,,,adj,,,Duolingo
dünn,subțire,,,,,adj,,,Duolingo
Klamotten,haine,,,,,pl,,,Duolingo
Ehemann,soț,soți,,,,m,un,doi,Duolingo
Eltern,părinți,părinți,,,,pl,,,Duolingo
Ehefrau,soție,soții,,,,f,o,două,Duolingo
Schwager,cumnat,cumnați,,,,m,un,doi,Duolingo
Cousin,verișor,verișori,,,,m,un,doi,Duolingo
Schwägerin,cumnată,cumnate,,,,f,o,două,Duolingo
"Enkelin, Nichte",nepoată,nepoate,,,,f,o,două,Duolingo
Verwandtschaft,rudenie,rudenii,,,,f,o,două,Duolingo
übermorgen,poimâine,,,,,adv,,,Duolingo
heute,astăzi,,,,,adv,,,Duolingo
heute Abend,deseară,,,,,adv,,,Duolingo
vorgestern,alaltăieri,,,,,adv,,,Duolingo
gestern,ieri,,,,,adv,,,Duolingo
morgen,mâine,,,,,adv,,,Duolingo
"nach, hinter",după,,,,,prep,,,Duolingo
"Zeit, Wetter",timp,timpuri,,,,n,un,două,Duolingo
Schwiegereltern,socri,socri,,,,pl,,,Duolingo
Schwiegersohn,ginere,gineri,,,,m,un,doi,Duolingo
Schwiegermutter,soacră,soacre,,,,f,o,două,Duolingo
Schwiegertochter,noră,nurori,,,,f,o,două,Duolingo
Vorname,prenume,prenume,,,,n,un,două,Duolingo
Winter,iarnă,ierni,,,,f,o,două,Duolingo
Frühling,primăvară,primăveri,,,,f,o,două,Duolingo
Sommer,vară,veri,,,,f,o,două,Duolingo
Jahreszeit,anotimp,anotimpuri,,,,n,un,două,Duolingo
Herbst,toamnă,toamne,,,,f,o,două,Duolingo
Minute,minut,minute,,,,n,un,două,Duolingo
Sekunde,secundă,secunde,,,,f,o,două,Duolingo
Jahrhundert,secol,secole,,,,n,un,două,Duolingo
"Jahrzehnt, Dekade",deceniu,decenii,,,,n,un,două,Duolingo
Viertel,sfert,sferturi,,viertel sechs,cinci și un sfert,n,un,două,Duolingo
Geburt,naștere,nașteri,,,,f,o,două,Duolingo
Arbeitsplatz,serviciu,servicii,,,,n,un,două,Duolingo
Beruf,profesie,profesii,,,,f,o,două,Duolingo
Arbeit,muncă,munci,,,,f,o,două,Duolingo
"Stelle, Anstellung",slujbă,slujbe,,,,f,o,două,Duolingo
bitte,te rog/ vă rog,,,,,,,,
danke,mulțumesc/mersi,,,,,,,,
"ja, bitte","Da, vă rugăm!",,,,,,,,
"gern geschehen, nichts zu danken",cu plăcere,,,,,,,,
Have a nice day,o zi bună,,,,,,,,
Guten Tag,bună ziua,,,,,,,,
Guten Morgen,bună dimineața,,,,,,,,
Guten Abend,bună seara,,,,,,,,
Gute Nacht,noapte bună,,,,,,,,
Auf wiedersehen,la revedere,,,,,,,,
Hi,Salut / Bună / Ciao / Servus,,,,,,,,
Bye,Pa / Salut / Ciao,,,,,,,,
Bye Bye,pa pa,,,,,,,,
Willkommen,bun venit,,,,,,,,
entschuldigung,scuze / pardon,,,,,,,,
bis bald,pe curând,,,,,,,,
Sprache,limba,limbi,,,,f,o,două,
rumänisch,română,,,,,,,,
englisch,engleză,,,,,,,,
Monat,lună,luni,,,,f,o,două,Duolingo
Wissenschaftler,savant,savanți,,,,m,un,doi,Duolingo
Lehrer,învățător,învățători,,,,m,un,doi,Duolingo
Forscher,cercetător,cercetători,,,,m,un,doi,Duolingo
Schüler,elev,elevi,,,,m,un,doi,Duolingo
Präsident,președinte,președinți,,,,m,un,doi,Duolingo
"Mitarbeiter, Angestellter",angajat,angajați,,,,m,un,doi,Duolingo
"Chef, Boss",șef,șefi,,,,m,un,doi,Duolingo
Politiker,politician,politicieni,,,,m,un,doi,Duolingo
Richter,judecător,judecători,,,,m,un,doi,Duolingo
Polizist,polițist,polițiști,,,,m,un,doi,Duolingo
Priester,preot,preoți,,,,m,un,doi,Duolingo
Postbote,poștaș,poștași,,,,m,un,doi,Duolingo
Feuerwehrmann,pompier,pompieri,,,,m,un,doi,Duolingo
"Wachmann, Hüter",gardian,gardieni ,,,,m,un,doi,Duolingo
Rechtsanwalt,avocat,avocați ,,,,m,un,doi,Duolingo
Chemiker,chimist,chimiști,,,,m,un,doi,Duolingo
Chemikerin,chimistă,chimiste,,,,f,o,două,Duolingo
Archäologe,arheolog,arheologi,,,,m,un,doi,Duolingo
Apotheker,farmacist,farmaciști,,,,m,un,doi,Duolingo
"Sanitäter, Krankenpfleger",infirmier,infirmieri,,,,m,un,doi,Duolingo
Buchhalter,contabil,contabili,,,,m,un,doi,Duolingo
Maurer,zidar,zidari,,,,m,un,doi,Duolingo
Elektriker,electrician,electricieni,,,,m,un,doi,Duolingo
Gärtner,grădinar,grădinari,,,,m,un,doi,Duolingo
Koch,bucătar,bucătari,,,,m,un,doi,Duolingo
Kellner,chelner,chelneri,,,,m,un,doi,Duolingo
Metzger,măcelar,măcelari,,,,m,un,doi,Duolingo
Bäcker,brutar,brutari,,,,m,un,doi,Duolingo
Friseur,frizer,frizeri,,,,m,un,doi,Duolingo
"Kissen, Kopfkissen",pernă,perne,,,,f,o,două,Duolingo
Mensch,om,oameni,,,,m,un,doi,Duolingo
Kalender,calendar,calendare,,,,n,un,două,Duolingo
diese,acestea,,,,,pron,,,Duolingo
Schulranzen,ghiozdan,ghiozdane,,,,n,un,două,Duolingo
"Stück, Teil",piesă,piese,,,,f,o,două,Duolingo
Einmachglas,borcan,borcane,,,,n,un,două,Duolingo
"Ding, Sache",lucru,lucruri,,,,n,un,două,Duolingo
"Schachtel, Dose, Behälter",cutie,cutii ,,,,f,o,două,Duolingo
Stück (Kuchen),bucată,bucăți,,,,f,o,două,Duolingo
Scheibe,felie,felii,,Ich habe eine Scheibe Käse,Eu am o felie de brânză,f,o,două,Duolingo
"Tüte, Tasche, Beutel",pungă,pungi,,,,f,o,două,Duolingo
Geld,ban,bani,,,,n,un,două,Duolingo
Lineal,riglă,rigle,,,,f,o,două,Duolingo
Füller,stilou,stilouri,,,,n,un,două,Duolingo
Blatt (Papier),foaie,foi,,,,f,o,două,Duolingo
Übungsheft,caiet,caiete,,,,n,un,două,Duolingo
Gummi,gumă,gume,,,,f,o,două,Duolingo
"Stift, Kugelschreiber",pix,pixuri,,,,n,un,două,Duolingo
Schere,foarfecă,foarfeci,,,,f,o,două,Duolingo
Brieftasche,portofel,portofele,,,,n,un,două,Duolingo
Regenschirm,umbrelă,umbrele,,,,f,o,două,Duolingo
Schlüssel,cheie,chei,,,,f,o,două,Duolingo
Uhr,ceas,ceasuri,,,,n,un,două,Duolingo
Feuerzeug,brichetă,brichete,,,,f,o,două,Duolingo
Brille,ochelari,ochelari,,,,pl,,,Duolingo
"Armreif, Armband",brățară,brățări,,,,f,o,două,Duolingo
Ring,inel,inele,,,,n,un,două,Duolingo
Kamm,pieptene,piepteni,,,,m,un,doi,Duolingo
Knopf,nasture,nasturi,,,,m,un,doi,Duolingo
Ehering,verighetă,verighete,,,,f,o,două,Duolingo
Ohrring,cercel,cercei,,,,m,un,doi,Duolingo
Kette (Schmuck),lănțișor,lănțișoare,,,,n,un,două,Duolingo
"Bürste, Feger, Handbesen",perie,perii,,,,f,o,două,Duolingo
Briefmarke,timbru,timbre,,,,n,un,două,Duolingo
Kerze,lumânare,lumânări,,,,f,o,două,Duolingo
Reißverschluss,fermoar,fermoare,,,,n,un,două,Duolingo
"Kleber, Klebstoff",lipici,lipiciuri,,,,n,un,două,Duolingo
Nadel,ac,ace,,,,n,un,două,Duolingo
Hammer,ciocan,ciocane,,,,n,un,două,Duolingo
Streichholz,chibrit,chibrituri,,,,n,un,două,Duolingo
Glühlampe,bec,becuri,,,,n,un,două,Duolingo
Ampel,semafor,semafoare,,,,n,un,două,Duolingo
Kofferraum,portbagaj,portbagaje,,,,n,un,două,Duolingo
"Lenkrad, Steuer",volan,volane,,,,n,un,două,Duolingo
Rad,roată,roți/roate,,,,f,o,două,Duolingo
Sicherheitsgurt,centură,centuri,,,,f,o,două,Duolingo
Windschutzscheibe,parbriz,parbrize,,,,n,un,două,Duolingo
Spiegel,oglindă,oglinzi,,,,f,o,două,Duolingo
"Kabel, Leitung",cablu,cabluri,,,,n,un,două,Duolingo
Größe,mărime,mărimi,,,,f,o,două,Duolingo
"Oberfläche, Fläche",suprafață,suprafețe,,,,f,o,două,Duolingo
Tiefe,adâncime,adâncimi,,,,f,o,două,Duolingo
Dicke,grosime,grosimi,,,,f,o,două,Duolingo
Breite,lățime,lățimi,,,,f,o,două,Duolingo
Länge,lungime,lungimi,,,,f,o,două,Duolingo
Quadrat,pătrat,pătrate,,,,n,un,două,Duolingo
Gewicht,greutate,greutăți,,,,f,o,două,Duolingo
"Entfernung, Distanz",distanță,distanțe,,,,f,o,două,Duolingo
Geschwindigkeit,viteză,viteze,,,,f,o,două,Duolingo
dreieckig,triunghiular,,,,,adj,,,Duolingo
dasselbe,același,,,,,adj,,,Duolingo
Stadt,oraș,orașe,,,,n,un,două,Duolingo
Insel,insulă,insule,,,,f,o,două,Duolingo
Land,țară,țări,,,,f,o,două,Duolingo
Reisepass,pașaport,pașapoarte,,,,n,un,două,Duolingo
"Fremder, Ausländer",străin,străini,,,,m,un,doi,Duolingo
Bildschirm,ecran,ecrane,,,,n,un,două,Duolingo
Autobahn,autostradă,autostrăzi,,,,f,o,două,Duolingo
Süden,sud,suduri,,,,n,un,două,Duolingo
Norden,nord,nord,,,,n,un,două,Duolingo
Osten,est,est,,,,n,un,două,Duolingo
Westen,vest,vest,,,,n,un,două,Duolingo
"Wohnviertel, Quartier",cartier,cartiere,,,,n,un,două,Duolingo
Deutsche,nemțoaică,nemțoaice,,,,f,o,două,Duolingo
Wohnblock,bloc,blocuri,,,,n,un,două,Duolingo
"daheim, zuhause",acasă,,,,,adv,,,Duolingo
Garten,grădină,grădini,,,,f,o,două,Duolingo
König,rege,regi,,,,m,un,doi,Duolingo
Bürgermeister,primar,primari,,,,m,un,doi,Duolingo
rechts,la dreapta,,,,,adv,,,Duolingo
Gesetz,lege,legi,,,,f,o,două,Duolingo
Krieg,război,războaie,,,,n,un,două,Duolingo
Gerechtigkeit,dreptate,dreptăți,,Die Menschen wollen Gerechtigkeit,Oamenii doresc dreptate,f,o,două,Duolingo
Gleichheit,egalitate,egalități,,,,f,o,două,Duolingo
gleich,egal/ la fel,,,,,adj,,,Duolingo
Frieden,pace,păci,,,,f,o,două,Duolingo
"Schloss, Burg",castel,castele,,,,n,un,două,Duolingo
Zoo,grădină zoologică,grădini zoologice,,,,f,o,două,Duolingo
Palast,palat,palate,,,,n,un,două,Duolingo
Museum,muzeu,muzee,,,,n,un,două,Duolingo
Wurst,cârnat,cârnați,,,,m,un,doi,
Salami,salam,salamuri,,,,n,un,două,
Gibt es ...?,Există ...?,,,,,sent,,,
Darf ich ...?,Pot să ...?,,,,,sent,,,
Ich brauche ...,Am nevoie de ...,,,,,sent,,,
Wo ist ...?,Unde este ...?,,,,,sent,,,
Was ist ...?,Ce este ...?,,,,,sent,,,
Was kostet ...?,cât costă ... ?,,,,,sent,,,
Ich hätte gerne ...,Aș vrea ...,,,,,sent,,,
Kannst du ... ?,Poți să ...?,,,,,sent,,,
Schule,școală,școli,,,,f,o,două,Duolingo
"Laden, Geschäft",magazin,magazine,,,,n,un,două,Duolingo
Gefängnis,închisoare,închisori,,Wir haben nicht viele Gefängnisse in unserer Stadt,Noi nu avem multe închisori în orașul nostru.,f,o,două,Duolingo
"Auswahl, Wahl",alegere,alegeri,,,,f,o,două,Duolingo
Verbrechen,infracțiune,infracțiuni,,,,f,o,două,Duolingo
"Sieger, Gewinner",câștigător,câștigători,,,,f,o,două,Duolingo
Streik,grevă,greve,,,,f,o,două,Duolingo
"Bedrohung, Drohung",amenințare,amenințări,,,,f,o,două,Duolingo
Entscheidung,decizie,decizii,,,,f,o,două,Duolingo
wie,cum,,,"Wie kommt's, dass ... ? ",Cum așa ... ?,adv,,,Duolingo
wie viel auch immer,oricât,,,,,adv,,,Duolingo
"dort, da",acolo,,,,,adv,,,Duolingo
"jetzt, nun",acum,,,Hast du jetzt Zeit?,Ai tu timp acum?,adv,,,Duolingo
wann,când,,,,,adv,,,Duolingo
"dann, damals",atunci,,,,,adv,,,Duolingo
so… wie…,așa… ca,,,,,adv,,,Duolingo
"hier, hierhin",aici,,,Stell die dreckigen Gläser hierhin,Puneți paharele murdare aici,adv,,,Duolingo
langsam,încet,,,Du sprichst langsam,Tu vorbești încet,adj,,,Duolingo
"sicher, gewiss",sigur,,,,,adj,,,Duolingo
"alles, ganz",tot,,,,,adj,,,Duolingo
schnell,repede/ rapid,,,,,adj,,,Duolingo
unerwartet,neașteptat,,,,,adj,,,Duolingo
selten,rar,,,,,adj,,,Duolingo
"ausreichend, genug",suficient,,,,,adj,,,Duolingo
umsonst,degeaba,,,,,adv,,,Duolingo
"oft, häufig",des,,,,,adv,,,Duolingo
getrennt,separat,,,,,adj,,,Duolingo
"manchmal, gelegentlich",uneori,,,,,adv,,,Duolingo
anders,altfel,,,,,adj,,,Duolingo
"weil, denn",deoarece,,,,,conj,,,Duolingo
"deshalb, daher",așadar,,,,,adv,,,Duolingo
Kreisstadt,municipiu,municipii,,,,n,un,două,Duolingo
niemand,nimeni,,,Es kümmert niemanden,Nu-i pasă nimănui,pron,,,Duolingo
nichts,nimic,,,keien Ursache,pentru nimic,pron,,,Duolingo
welcher/ welche/ welches,care,,,wofür,pentru care,pron,,,Duolingo
irgendein,vreo,,,Haben Sie sonst noch einen Wunsch?,Mai aveți vreo dorință?,adj,,,Duolingo
andere,alta/ alte,,,,,,,,Duolingo
"drüben, herüber, hinüber",dincolo,,,,,adv,,,Duolingo
"drinnen, hinein, darin",înăuntru,,,,,adv,,,Duolingo
"oberhalb, auf, drauf",deasupra,,,,,adv,,,Duolingo
rückwerts,înapoi,,,,,adv,,,Duolingo
"danach, nachher",apoi,,,,,adv,,,Duolingo
jemandem,cuiva,,,jdm. etw. versprechen,a promite ceva cuiva,,,,Duolingo
jedem,oricăruia,,,"Ich gebe die Äpfel jedem, der zuerst kommt",Eu dau merele oricăruia vine primul.,,,,Duolingo
jemand anderes,altcineva,,,,,adv,,,Duolingo
"jede, beliebig, jedweder",oricare,,,"..., (genau) wie jeder andere auch.","..., la fel ca oricare altul.",adv,,,Duolingo
jemand,cineva,,,Jemand ist im Haus,Cineva este în casă!,adv,,,Duolingo
"wenn, falls",dacă,,,,,conj,,,Duolingo
währrend,în timp ce,,,,,,,,Duolingo
"gar nicht, überhaupt",deloc,,,,,adv,,,Duolingo
"gerade, eben",tocmai,,,,,adv,,,Duolingo
"allerdings (gewisse), sicherlich",desigur,,,,,adv,,,Duolingo
"genug, ausreichend",destul,,,,,adj,,,Duolingo
"gewiss, sicher",negreșit,,,Er kommt sicher,El vine negreșit!,adv,,,Duolingo
"tatsächlich, sogar, gerade, eben, wirklich",chiar,,,,,adv,,,Duolingo
"ziemlich, vernünftig",cât de cât,,,,,adv,,,Duolingo
"nirgends, nirgendwo",nicăieri,,,Zu Hause ist es doch am schönsten.,Nicăieri nu-i ca acasă.,adv,,,Duolingo
"nie, niemals",niciodată,,,Sag niemals nie.,Niciodată să nu spui niciodată.,adv,,,Duolingo
weder ... Noch,nici ... Nici,,,Weder viel noch wenig ist gut,"Nici mai mult, nici mai puțin nu este bine",conj,,,Duolingo
"nur, lediglich, bloß",numai/ doar,,,Nur du schwimmst am Morgen,Numai tu înoți dimineața,adv,,,Duolingo
"wenigstens, zumindest",măcar,,,Gib mir wenigstens zwei Äpfel,Dă-mi măcar două mere,adv,,,Duolingo
"wahrscheinlich, vermutlich",probabil,,,,,adv,,,Duolingo
möglich,posibil,,,Es ist möglich.,Este posibil.,adv,,,Duolingo
manchmal,câteodată,,,Manchmal kommt er zu uns,El vine câteodată la noi,adv,,,Duolingo
immer,întotdeauna,,,,,adv,,,Duolingo
vielleicht,poate,,,,,adv,,,Duolingo
"denn, wirklich",oare,,,Ist das denn so schwer?,Este oare așa de greu?,adv,,,Duolingo
"sofort, gleich",imediat,,,,,,,,Duolingo
Mund,gură,guri,,,,f,o,două,Duolingo
Nase,nas,nasuri,,,,n,un,două,Duolingo
Ohr,ureche,urechi,,,,f,o,două,Duolingo
Augenbraue,sprânceană,sprâncene,,,,f,o,două,Duolingo
Schnurrbart,mustață,mustăți,,,,f,o,două,Duolingo
Haar,păr,peri ,,,,m,un,doi,Duolingo
für,pentru,,,,,prep,,,Duolingo
andere,celălalt,,,,,adj,,,Duolingo
Rücken,spate,spate,,,,n,un,două,Duolingo
Hals,gât,gâturi,,,,n,un,două,Duolingo
Zunge,limbă,limbi,,,,f,o,două,Duolingo
Schulter,umăr,umeri,,,,m,un,doi,Duolingo
Kinn,bărbie,bărbii,,,,f,o,două,Duolingo
"Brust, Brustkorb",piept,piepturi,,,,n,un,două,Duolingo
Lippe,buză,buze,,,,f,o,două,Duolingo
Handfläche,palmă,palme,,,,f,o,două,Duolingo
"Bauch, Magen",burtă,burți,,,,f,o,două,Duolingo
"Fingernagel, Fußnagel",unghie,unghii,,,,f,o,două,Duolingo
Ellenbogen,cot,coate,,,,n,un,două,Duolingo
Faust,pumn,pumni,,,,m,un,doi,Duolingo
Sohle,talpă,tălpi,,Fußsohle,talpă a piciorului,f,o,două,Duolingo
Hüfte,șold,șolduri,,,,f,o,două,Duolingo
Ferse,călcâi,călcâie,,,,n,un,două,Duolingo
Knöchel,gleznă,glezne,,,,f,o,două,Duolingo
Gelenk,încheietură,încheieturi,,,,f,o,două,Duolingo
Wimper,geană,gene,,,,f,o,două,Duolingo
Backe,obraz,obraji,,,,m,un,doi,Duolingo
Gesicht,față,fețe,,,,f,o,două,Duolingo
Stirn,frunte,frunți,,,,f,o,două,Duolingo
Nasenloch,nară,nări,,,,f,o,două,Duolingo
Augenlid,pleoapă,pleoape,,,,f,o,două,Duolingo
Bauchnabel,buric,burice,,,,n,un,două,Duolingo
manchmal,câteodată,,,,,adv,,,Duolingo
Versammlung,adunare,adunări,,,,f,o,două,Duolingo
Bevölkerung,populație,populații,,,,f,o,două,Duolingo
Gesellschaft,societate,societăți,,,,f,o,două,Duolingo
"Gemeinde, Gemeinschaft",comunitate,comunități,,,,f,o,două,Duolingo
"Menschenmenge, Schwarm",mulțime,mulțimi,,,,f,o,două,Duolingo
Gruppe,grup,grupuri,,,,n,un,două,Duolingo
Einzelner,individ,indivizi,,,,m,un,doi,Duolingo
Pärchen,cuplu,cupluri,,,,n,un,două,Duolingo
"Dame, Frau",doamnă,doamne,,"Sehr geehrte Frau, …","Stimată Doamnă, …",f,o,două,Duolingo
"Feindschaft, Boshaftigkeit",dușmănie,dușmănii,,,,f,o,două,Duolingo
"Liebster, Freund, Liebhaber",iubit,iubiți,,,,m,un,doi,Duolingo
"Geliebte, Liebhaberin",iubită,iubite,,Danke schön meine Liebe!,Mulțumesc iubita mea!,f,o,două,Duolingo
Herr,domn,domni,,Ladies und Gentleman,Doamnelor și domnilor...,m,un,doi,Duolingo
Freundschaft,prietenie,prietenii,,,,f,o,două,Duolingo
"Team, Mannschaft",echipă,echipe,,,,f,o,două,Duolingo
Gewerkschaft,sindicat,sindicate,,,,n,un,două,Duolingo
Stiftung/ Fundament Haus,fundație,fundații,,,,f,o,două,Duolingo
Vertrag,contract,contracte,,,,n,un,două,Duolingo
Wand,perete,pereți,,,,m,un,doi,Duolingo
"Wohnung, Heim",locuință,locuințe,,,,f,o,două,Duolingo
"Stockwerg, Etage",etaj,etaje,,,,n,un,două,Duolingo
"Dach, Hausdach",acoperiș,acoperișuri,,,,n,un,două,Duolingo
"Garage, Autowerkstatt",garaj,garaje,,,,n,un,două,Duolingo
"Treppe, Leiter",scară,scări,,,,f,o,două,Duolingo
Tür,ușă,uși,,,,f,o,două,Duolingo
Esszimmer,sufragerie,sufragerii,,,,f,o,două,Duolingo
"Zimmer, Raum",cameră,camere,,,,f,o,două,Duolingo
Meditation,meditație,meditații,,,,f,o,două,Duolingo
"Wort, Vokabel",cuvânt,cuvinte,,,,n,un,două,Duolingo
Zahnbürste,periuță de dinți,periuțe de dinți,,,,f,o,două,Duolingo
Badewanne,cadă,căzi,,,,f,o,două,Duolingo
Handtuch,prosop,prosoape,,,,n,un,două,Duolingo
Dusche,duș,dușuri,,,,n,un,două,Duolingo
Teppich,covor,covoare,,,,n,un,două,Duolingo
Seife,săpun,săpunuri,,,,n,un,două,Duolingo
Zahnpasta,pastă de dinți,paste,,,,f,o,două,Duolingo
Hahn/ Wasserhahn,robinet,robinete/robineți,,,,n,un,două,Duolingo
Stuhl,scaun,scaune,,,,n,un,două,Duolingo
Lampe,lampă,lămpi,,,,f,o,două,Duolingo
Kleiderschrank,șifonier,șifoniere,,Ich hänge meine Sachen in den Kleiderschrank,Eu îmi pun hainele în șifonier.,n,un,două,Duolingo
Schrank,dulap,dulapuri,,,,n,un,două,Duolingo
"Vorhang, Gardine",perdea,perdele,,,,f,o,două,Duolingo
Nachttisch,noptieră,noptiere,,,,f,o,două,Duolingo
Kleiderhaken,cuier,cuiere,,,,n,un,două,Duolingo
Sofa,canapea,canapele,,,,f,o,două,Duolingo
Bettdecke,pătură,pături,,,,f,o,două,Duolingo
Bettlaken,cearceaf,cearceafuri,,,,n,un,două,Duolingo
Bild,tablou,tablouri,,,,n,un,două,Duolingo
Kissenbezug,față de pernă,fețe,,,,f,o,două,Duolingo
Matratze,saltea,saltele,,,,f,o,două,Duolingo
Sessel,fotoliu,fotolii,,,,n,un,două,Duolingo
Pfanne,tigaie,tigăi,,,,f,o,două,Duolingo
Mikrowelle,microundă,microunde,,,,f,o,două,Duolingo
Staubsauger,aspirator,aspiratoare,,,,n,un,două,Duolingo
Waschbecken,chiuvetă,chiuvete,,,,f,o,două,Duolingo
Bügeleisen,fier de călcat,fiare de,,,,n,un,două,Duolingo
Küchenherd,aragaz,aragazuri,,,,n,un,două,Duolingo
Schalter,întrerupător,întrerupătoare,,,,n,un,două,Duolingo
Korb,coș,coșuri,,Mülleimer,Coșul de gunoi,n,un,două,Duolingo
Vase,vază,vaze,,,,f,o,două,Duolingo
Möbel,mobilier,mobiliere,,,,n,un,două,Duolingo
Schublade,sertar,sertare,,,,n,un,două,Duolingo
Steckdose,priză,prize,,,,f,o,două,Duolingo
Angst,frică,,,,,f,o,două,Duolingo
Kälte,frig,friguri,,Hier ist es nicht kalt,Aici nu este frig,n,un,două,Duolingo
"Schande, Scham",rușine,rușini,,,,f,o,două,Duolingo
Sehnsucht,dor,doruri,,,,n,un,două,Duolingo
Furcht,teamă,,,,,f,o,două,Duolingo
Durst,sete,,,,,f,o,două,Duolingo
Hunger,foame,,,Ich habe Hunger.,Mi-e foame.,f,o,două,Duolingo
Schlaf,somn,somnuri ,,Schlaf gut!,Somn ușor!,n,un,două,Duolingo
Faulheit,lene,,,"Wir sind faul, weil heute Freitag ist",Ne e lene pentru că este vineri,f,o,două,Duolingo
lieb,drag,,,,,adj,,,Duolingo
"gleichgültig, egal",indiferent,,,,,adj,,,Duolingo
Grenze,graniță,granițe,,,,f,o,două,Duolingo
"Weg, Strecke",drum,drumuri,,Gute Reise,Drum bun,n,un,două,Duolingo
"Reise, Fahrt",călătorie,călătorii,,,,f,o,două,Duolingo
Ferien,vacanță,vacanțe,,Wohin fahrt ihr in den Urlaub?,Unde mergeți în vacanță?,f,o,două,Duolingo
"Reiseziel, Zielort",destinație,destinații,,,,f,o,două,Duolingo
"Fahrplan, Reiseroute",itinerar,itinerare,,,,n,un,două,Duolingo
"Fahrgast, Reisender, Tourist",călător,călători,,,,m,un,doi,Duolingo
Koffer/ Reise,valiză,valize,,,,f,o,două,Duolingo
"Ticket, Fahrkarte",bilet,bilete,,,,n,un,două,Duolingo
"Guide, Reiseleiter",ghid,ghizi,,,,f,o,două,Duolingo
"Reservierung, Buchung",rezervare,rezervări,,,,f,o,două,Duolingo
Gepäck,bagaj,bagaje,,,,n,un,două,Duolingo
Koffer,geamantan,geamantane,,,,n,un,două,Duolingo
Flugzeug,avion,avioane,,,,n,un,două,Duolingo
Motorrad,motocicletă,motociclete,,,,f,o,două,Duolingo
"Schiff, Dampfer",vapor,vapoare,,,,n,un,două,Duolingo
Reisebus,autocar,autocare,,,,n,un,două,Duolingo
Stornierung,anulare,anulări,,,,f,o,două,Duolingo
Ankunft,sosire,sosiri,,,,f,o,două,Duolingo
"Station, Bahnstation",gară,gări,,,,f,o,două,Duolingo
"Zeitplan, Stundenplan",orar,orare,,,,n,un,două,Duolingo
Landung (Flugzeug),aterizare,aterizări,,,,f,o,două,Duolingo
"Tor, Pforte",poartă,porți,,,,f,o,două,Duolingo
Abflug (Flugzeug),decolare,decolări,,,,f,o,două,Duolingo
Flugzeug,zbor,zboruri,,,,n,un,două,Duolingo
Boarding (Flugzeug),îmbarcare,îmbarcări,,,,f,o,două,Duolingo
"vor, vorher",înainte,,,,,adv,,,Duolingo
Kerhschaufel,făraș,fărașe,,,,n,un,două,Duolingo
"Meer, See",mare,mări,,,,f,o,două,Duolingo
"Crew, Besatzung",echipaj,echipaje,,,,n,un,două,Duolingo
"Schifssdeck, Steg",punte,punți,,,,f,o,două,Duolingo
Sonne,soare,sori,,,,m,un,doi,Duolingo
Artikel,articol,articole,,,,n,un,două,Duolingo
"Muster, Probe",mostră,mostre,,Blutprobe,mostră de sânge,f,o,două,Duolingo
"Entdeckung, Fund",descoperire,descoperiri,,,,f,o,două,Duolingo
Wolke,nor,nori,,,,m,un,doi,Duolingo
"Brise, Lüftchen",briză,brize,,,,f,o,două,Duolingo
Donner,tunet,tunete,,,,n,un,două,Duolingo
Blitz,fulger,fulgere,,,,n,un,două,Duolingo
"Gewitter, Sturm, Unwetter",furtună,furtuni,,,,f,o,două,Duolingo
Regenbogen,curcubeu,curcubeie,,,,n,un,două,Duolingo
"Überschwemmung, Flut",inundație,inundații,,,,f,o,două,Duolingo
"heiter, klar, wolkenlos",senin,senin,,,,adj,,,Duolingo
"Nebel, Dunst",ceață,cețuri,,,,f,o,două,Duolingo
"bewölkt, wolkig, trüb",înnorat,,,,,adj,,,Duolingo
Hagel,grindină,grindine,,,,f,o,două,Duolingo
"Dürre, Trockenzeit",secetă,secete,,,,f,o,două,Duolingo
Wettervorhersage,prognoză meteo,prognoze meteo,,,,f,o,două,Duolingo
"Tropfen, Spritzer",strop,stropi,,,,m,un,doi,Duolingo
Landschaft,peisaj,peisaje,,,,n,un,două,Duolingo
Qualität,calitate,calități,,,,f,o,două,Duolingo
jd. / etw. war,a fost,,,,,adj,,,Duolingo
"bitter, herb",amar,,,,,adj,,,Duolingo
Vegetation,vegetație,vegetații,,,,f,o,două,Duolingo
Resource,resursă,resurse,,,,f,o,două,Duolingo
Kohle,cărbune,cărbuni,,,,m,un,doi,Duolingo
Erz,minereu,minereuri ,,,,n,un,două,Duolingo
"Feld (Landwirt.), Ebene",câmpie,câmpii,,,,f,o,două,Duolingo
"Getreide, Zerealien, Cornflakes",cereală,cereale,,,,f,o,două,Duolingo
Weizen,grâu,grâne,,,,m,un,doi,Duolingo
Baum,copac,copaci,,,,m,un,doi,Duolingo
Nadelbaum/ Konifere,conifer,conifere,,,,n,un,două,Duolingo
Blütenblatt,petală,petale,,,,f,o,două,Duolingo
"Blütenstaub, Pollen",polen,polenuri,,,,n,un,două,Duolingo
"Unkraut, Kraut",buruiană,buruieni,,,,f,o,două,Duolingo
Blitz,fulger,fulgere,,,,n,un,două,Duolingo
Rose,trandafir,trandafiri,,,,m,un,doi,Duolingo
Tulpe,lalea,lalele,,,,f,o,două,Duolingo
Orchidee,orhidee,orhidee,,,,f,o,două,Duolingo
Mohn,mac,maci,,,,m,un,doi,Duolingo
Schneeglöckchen,ghiocel,ghiocei,,,,m,un,doi,Duolingo
"Ast, Zweig",creangă,crengi,,,,f,o,două,Duolingo
Eiche,stejar,stejari,,,,m,un,doi,Duolingo
Tannenbaum,brad,brazi,,,,m,un,doi,Duolingo
"Bildung, Erziehung",educație,educații,,,,f,o,două,Duolingo
Kindergarten,grădiniță,grădinițe,,,,f,o,două,Duolingo
Hochschulbildung,învățământ superior,învățăminte superior,,,,n,un,două,Duolingo
Gymnasium,liceu,licee,,,,n,un,două,Duolingo
"Uni, Hochschule",facultate,facultăți,,,,f,o,două,Duolingo
"Universität, Hochschule",universitate,universități,,,,f,o,două,Duolingo
Lektion,lecție,lecții,,,,f,o,două,Duolingo
"Thema, Aufgabe",temă,teme,,,,f,o,două,Duolingo
"Schulfach, Materie",materie,materii,,,,f,o,două,Duolingo
"Sporthalle, Turnhalle",sală de sport,săli de sport,,,,f,o,două,Duolingo
"Pause, Unterbrechung",pauză,pauze,,,,f,o,două,Duolingo
"Pult, Stehpult",pupitru,pupitre,,,,n,un,două,Duolingo
Klassenzimmer,sală de clasă,săli de clasă,,,,f,o,două,Duolingo
"Streber, Nerd",tocilar,tocilari,,Er ist ein strebsamer/nerdiger Junge,El este un băiat tocilar,m,un,doi,Duolingo
"Bücherwurm, Leseratte",șoarece de bibliotecă,șoareci de bibliotecă,,,,m,un,doi,Duolingo
Tanz,dans,dansuri,,,,n,un,două,Duolingo
"Beschäftigung, Handwerk, Metier",meserie,meserii,,das älteste Gewerbe der Welt,cea mai veche meserie din lume,f,o,două,Duolingo
Gitarre,chitară,chitare,,,,f,o,două,Duolingo
Trommel,tobă,tobe,,Die Trommel ist ein uraltes Instrument,Toba este un instrument străvechi,f,o,două,Duolingo
"Leidenschaft, Hobby",pasiune,pasiuni,,,,f,o,două,Duolingo
Spieler (Sport),jucător,jucători,,Fußballspieler,jucător de fotbal,m,un,doi,Duolingo
Stadion (Sport),stadion,stadioane,,Fußball wird in Stadien gespielt,Fotbalul se joacă pe stadioane,n,un,două,Duolingo
angenehm,plăcut,,,,,adj,,,Duolingo
"Angeln, Fischerei",pescuit,,,In meiner Freizeit mag ich es zu angeln,Eu prefer pescuitul în timpul meu liber,n,un,două,Duolingo
"Sucht, Abhängigkeit",dependență,dependențe,,Einkaufen macht süchtig,Cumpărăturile dau dependență,f,o,două,Duolingo
Videospiel,joc video,jocuri,,,,n,un,două,Duolingo
Zuschauer,spectator,spectatori,,,,m,un,doi,Duolingo
"Spielstand, Auswertung",scor,scoruri,,,,n,un,două,Duolingo
Schiedsrichter,arbitru,arbitri,,,,m,un,doi,Duolingo
Trainer,antrenor,antrenori,,,,m,un,doi,Duolingo
"Torwart, Pförtner, Portier",portar,portari,,,,m,un,doi,Duolingo
"Segeln, Schifffahrt",navigație,navigații,,,,f,o,două,Duolingo
"Gehen, Marsch",mers,mersuri,,,,n,un,două,Duolingo
"Zeichnen, Zeichnung",desen,desene,,,,n,un,două,Duolingo
Schach (Spiel),șah,șahi,,,,n,un,două,Duolingo
Kreide (zum Schreiben),cretă,crete,,,,f,o,două,Duolingo
Tafel,tablă,table,,,,f,o,două,Duolingo
"Meisterschaft, Championship",campionat,campionate,,Wir haben die Europa-Meisterschaft gewonnen,Noi am luat campionatul european,n,un,două,Duolingo
"Umkleideraum, Schließfach",vestiar,vestiare,,,,n,un,două,Duolingo
Einkommen (Geld),venit,venituri,,,,n,un,două,Duolingo
Unternehmen,companie,companii,,,,f,o,două,Duolingo
Infektion,infecție,infecții,,,,f,o,două,Duolingo
"Schmerz, Trauer",durere,dureri,,,,f,o,două,Duolingo
"Geschäft, Deal, Angelegenheit",afacere,afaceri,,,,f,o,două,Duolingo
Termin,programare,programări,,einen Termin vereinbaren,a face o programare,f,o,două,Duolingo
Steuer,impozit,impozite,,,,n,un,două,Duolingo
Kosten,costuri,,,,,pl,,,Duolingo
Schuld (Zahlungsverpflichtung),datorie,datorii ,,,,f,o,două,Duolingo
Zins,dobândă,dobânzi,,,,f,o,două,Duolingo
"Pleite, Bankrott, Konkurs",faliment,falimente,,,,n,un,două,Duolingo
Aktie (Börse),acțiune,acțiuni,,,,f,o,două,Duolingo
"Abschwung, Rezession",recesiune,recesiuni,,,,f,o,două,Duolingo
Börse (Aktien),bursă,burse,,,,f,o,două,Duolingo
Ostern,Paște,Paști,,,,m,un,doi,Duolingo
Neujahr,Anul Nou,,,,,m,un,doi,Duolingo
Weihnachten,Crăciun,Crăciunuri,,,,n,un,două,Duolingo
Weihnachtsmann,Moș Crăciun,,,,,m,un,doi,Duolingo
Valentienstag,Ziua Îndrăgostiților,,,,,f,o,două,Duolingo
Glaube (Religion),credință,credințe,,,,f,o,două,Duolingo
Gebet,rugăciune,rugăciuni,,,,f,o,două,Duolingo
Religion,religie,religii,,,,f,o,două,Duolingo
heilig,sfânt,,,,,adj,,,Duolingo
Mönch,călugăr,călugări,,,,m,un,doi,Duolingo
Feiertag,sărbătoare,sărbători,,,,f,o,două,Duolingo
Heiliger,sfânt,sfinți,,,,m,un,doi,Duolingo
Fasten (religiös),post,posturi,,,,n,un,două,Duolingo
Taufe,botez,botezuri,,,,n,un,două,Duolingo
Tätowierung,tatuaj,tatuaje,,,,n,un,două,Körper
Daumen,deget mare,degete,,,,n,un,două,Körper
Schädel,craniu,cranii,,,,n,un,două,Körper
Skelett,schelet,schelete,,,,n,un,două,Körper
Niere,rinichi,rinichi,,,,m,un,doi,Körper
Zeigefinger,deget arătător,degete,,,,n,un,două,Körper
"Frisur, Haarschnitt",tunsoarea,tunsori,,,,f,o,două,Körper
Fingerabdruck,amprentă,amprente,,ökologischer Fingerabrduck,amprentă ecologică,f,o,două,Körper
"Brust, Busen",sân,sâni,,,,m,un,doi,Körper
"Hintern, Popo",șezut,șezuturi,,,,n,un,două,Körper
Buchstabe,literă,litere,,,,f,o,două,
Satz,propoziție,propoziții,,,,f,o,două,
"Party, Feier",petrecere,petreceri,,,,f,o,două,
Kirsche,cireașă,cireșe,,,,f,o,două,
Keller,pivniță,pivnițe,,,,f,o,două,
Korkenzieher,tirbușon,tirbușoane,,,,n,un,două,
Kochtopf,oală,oale,,,,f,o,două,
Affe,maimuță,maimuțe,,,,f,o,două,
Gefühl,sentiment,sentimente,,,,n,un,două,Gefühle
Zuneigung,afecțiune,afecțiuni,,,,f,o,două,Gefühle
"Wut, Zorn",furie,furii,,,,f,o,două,Gefühle
Langeweile,plictiseală,plictiseli,,,,f,o,două,Gefühle
Vertrauen,încredere,încrederi,,,,f,o,două,Gefühle
Kreativität,creativitate,creativități,,,,f,o,două,Gefühle
Krise,criza,crize,,,,f,o,două,Gefühle
Neugier,curiozitate,curiozități,,,,f,o,două,Gefühle
Niederlage,înfrângere,înfrângeri,,,,f,o,două,Gefühle
Depression,depresie,depresii,,,,f,o,două,Gefühle
Verzweiflung,disperare,disperări,,,,f,o,două,Gefühle
Enttäuschung,dezamăgire,dezamăgiri,,,,f,o,două,Gefühle
Misstrauen,neîncredere,neîncrederi,,,,f,o,două,Gefühle
Zweifel,îndoială,îndoieli,,,,f,o,două,Gefühle
"Müdigkeit, Erschöpfung",oboseală,oboseli,,,,f,o,două,Gefühle
"Spaß, Vergnügen",distracţie,distracții,,,,f,o,două,Gefühle
"Grimasse, Fratze",grimasă,grimase,,,,f,o,două,Gefühle
Hoffnung,speranță,speranțe,,,,f,o,două,Gefühle
Interesse,interes,interese,,,,n,un,două,Gefühle
Freude,bucurie,bucurii,,,,f,o,două,Gefühle
Einsamkeit,singurătate,singurătăți,,,,f,o,două,Gefühle
"Melancholie, Wehmut",melancolie,melancolii,,,,f,o,două,Gefühle
"Stimmung, Laune",stare de spirit,stări de spirit,,,,f,o,două,Gefühle
Optimismus,optimism,optimism,,,,n,un,două,Gefühle
Panik,panică,panică,,,,f,o,două,Gefühle
"Ratlosigkeit, Verwunderung",nedumerire,nedumeriri,,,,f,o,două,Gefühle
Ablehnung,respingere,respingeri,,,,f,o,două,Gefühle
"Aufforderung, Bedarf, Anfrage, Nachfrage",cerere,cereri,,,,f,o,două,Gefühle
Schrei,țipăt,țipete,,,,n,un,două,Gefühle
"Sicherheit, Geborgenheit",securitate,securitate,,,,f,o,două,Gefühle
"Schreck, Schock",şoc,șocuri,,,,n,un,două,Gefühle
Lächeln,zâmbet,zâmbete,,,,n,un,două,Gefühle
Zärtlichkeit,tandrețe,tandrețe,,,,f,o,două,Gefühle
Gedanke,gând,gânduri,,,,n,un,două,Gefühle
"Nachdenklichkeit, Rücksichtnahme",considerație,considerații,,,,f,o,două,Gefühle
Verpackung,ambalaj,ambalaje,,,,n,un,două,Verpackung
Kiste,ladă,lăzi,,,,f,o,două,Verpackung
Knoten,nod,noduri ,,,,n,un,două,Verpackung
Fass,butoi,butoaie,,,,n,un,două,Verpackung
Verpackung,ambalaj ,ambalaje,,,,n,un,două,Verpackung
Liebeserklärung,declaraţie de dragoste,declarații de dragoste,,,,f,o,două,Abstrakt
Gefahr,pericol,pericole,,,,n,un,două,Abstrakt
Verfall,declin,declinuri ,,,,n,un,două,Abstrakt
Schwierigkeit,dificultate,dificultăți,,,,f,o,două,Abstrakt
Unordnung,tulburare,tulburări,,,,f,o,două,Abstrakt
Mühe,efort,eforturi,,,,n,un,două,Abstrakt
Sturz,căzătură,căzături,,,,f,o,două,Abstrakt
"Kraft, Gewalt",forţa,forțe,,,,f,o,două,Abstrakt
"Duft, Parfüm",parfum,parfumuri,,,,n,un,două,Abstrakt
Gespenst,fantomă,fantome,,,,f,o,două,Abstrakt
Versteck,ascunzătoare,ascunzători,,,,f,o,două,Abstrakt
Sauberkeit,igiena,igiena,,,,f,o,două,Abstrakt
Illusion,iluzie,iluzii,,,,f,o,două,Abstrakt
Fantasie,imaginație,imaginații,,,,f,o,două,Abstrakt
Intelligenz,inteligență,inteligențe,,,,f,o,două,Abstrakt
Einladung,invitată,invitate,,,,f,o,două,Abstrakt
"Blickwinkel, Aspekt",aspect,aspecte,,,,n,un,două,Abstrakt
Licht,lumină,lumini,,,,f,o,două,Abstrakt
Verlust,pierdere,pierderi ,,,,f,o,două,Abstrakt
Vergrößerung,mărire,măriri,,,,f,o,două,Abstrakt
Fehler,greșeală,greșeli,,,,f,o,două,Abstrakt
Möglichkeit,opțiune,opțiuni,,,,f,o,două,Abstrakt
Geduld,răbdare,răbdări,,,,f,o,două,Abstrakt
Planung,planificare,planificări,,,,f,o,două,Abstrakt
Schutz,protecție,protecții,,,,f,o,două,Abstrakt
Spiegelung,reflecție,reflecții,,,,f,o,două,Abstrakt
"Risiko, Gefahr, Wagnis",risc,riscuri,,,,n,un,două,Abstrakt
Sicherheit,siguranță,siguranțe,,,,f,o,două,Abstrakt
Geheimnis,secret,secrete,,,,n,un,două,Abstrakt
Schatten,umbra,umbre,,,,f,o,două,Abstrakt
Solidarität,solidaritate,solidaritate,,,,f,o,două,Abstrakt
Erfolg,succes,succese,,,,n,un,două,Abstrakt
Unterstützung,sprijin,sprijine,,,,n,un,două,Abstrakt
Tradition,tradiție,tradiții,,,,f,o,două,Abstrakt
Verwaltung,administrare,administrări,,,,f,o,două,Abstrakt
Reklame,publicitate,publicitate,,,,f,o,două,Abstrakt
Pfeil,săgeată,săgeți,,,,f,o,două,Abstrakt
Verbot,interdicție,interdicții ,,,,f,o,două,Abstrakt
Zusammenarbeit,colaborare,colaborări,,,,f,o,două,Abstrakt
"Karriere, Werdegang",cariera,cariere,,,,f,o,două,Abstrakt
"Untergeschoss, Keller",subsol,subsoluri,,,,n,un,două,Wohnung - Apartament
Balkon,balcon,balcoane,,,,n,un,două,Wohnung - Apartament
"Klingel, Glocke",sonerie,sonerii,,,,f,o,două,Wohnung - Apartament
"Jalousie, Rolladen",jaluzea,jaluzele,,,,f,o,două,Wohnung - Apartament
Schornstein,coş de fum,coșuri de fum,,,,n,un,două,Wohnung - Apartament
Waschmittel,detergent,detergenți,,,,m,un,doi,Wohnung - Apartament
"Riss, Spalt, Schlitz",crăpătură,crăpături,,,,f,o,două,Wohnung - Apartament
Zaun,gard,garduri,,,,n,un,două,Wohnung - Apartament
Feueralarm,alarmă de incendiu,alarme de incendiu,,,,f,o,două,Wohnung - Apartament
Kamin,șemineu,șemineuri,,,,n,un,două,Wohnung - Apartament
Blumentopf,ghiveci de flori,ghivece,,,,n,un,două,Wohnung - Apartament
Heizung,încălzire,încălziri,,,,f,o,două,Wohnung - Apartament
Bügelbrett,masă de călcat,mese de călcat,,,,f,o,două,Wohnung - Apartament
"Vermieter, Inhaber",proprietar,proprietari,,,,m,un,doi,Wohnung - Apartament
Heizkörper,radiator,radiatoare,,,,n,un,două,Wohnung - Apartament
Umzug,relocare,relocări,,,,f,o,două,Wohnung - Apartament
Vermietung,închiriere,închirieri,,,,f,o,două,Wohnung - Apartament
"Toilette, WC",toaletă,toalete,,,,f,o,două,Wohnung - Apartament
Ameise,furnică,furnici,,,,f,o,două,
Krankenwagen,ambulanță,ambulanțe,,,,f,o,două,Gesundheit - Sănătate 
"Bandage, Verband",bandaj,bandaje,,,,n,un,două,Gesundheit - Sănătate 
Blutdruck,tensiune arterială,tensiuni arterială,,,,f,o,două,Gesundheit - Sănătate 
Körperpflege,îngrijirea corpului,îngrijiri,,,,f,o,două,Gesundheit - Sănătate 
"Erkältung, Grippe",răceală,răceli,,,,f,o,două,Gesundheit - Sănătate 
"Creme, Kosmeting",cremă,creme,,,,f,o,două,Gesundheit - Sănătate 
"Krücke, Gehhilfe",cârjă,cârje,,,,f,o,două,Gesundheit - Sănătate 
Erschöpfung,epuizare,epuizări,,,,f,o,două,Gesundheit - Sănătate 
Erste Hilfe Kasten/ Verbandskasten,trusă de prim ajutor,truse,,,,f,o,două,Gesundheit - Sănătate 
Heilung,vindecare,vindecări,,,,f,o,două,Gesundheit - Sănătate 
Spritze,injecție,injecții,,,,f,o,două,Gesundheit - Sănătate 
"Wunde, Verletzung",rană,răni,,,,f,o,două,Gesundheit - Sănătate 
"Schminke, Make Up",machiaj,machiaje,,,,n,un,două,Gesundheit - Sănătate 
Schwangerschaft,sarcină,sarcini,,,,f,o,două,Gesundheit - Sănătate 
Rasur,bărbierit,,,,,n,un,două,Gesundheit - Sănătate 
Zahnstocher,scobitoare,scobitori,,,,f,o,două,Gesundheit - Sănătate 
Waage,cântar,cântare,,,,f,o,două,Gesundheit - Sănătate 
Rollstuhl,scaun cu rotile,scaune,,,,n,un,două,Gesundheit - Sănătate 
Turm (auch im Schach),turn,turnuri,,,,n,un,două,
"Hinsicht, Angelegenheit",privință,privințe,,Wir sind in diesem Punkt nicht einverstanden,Noi nu suntem de acord în această privință!,f,o,două,
